repeat_idx,window_idx,year,best_lambda0_idx,best_lambda2_idx,best_lambda0,best_lambda2,best_portsN,valid_SR,train_SR_full,test_SR_full
1,1,1981,1,4,0.0,1e-08,50,0.2799411581078265,0.8813368527651173,0.6432826806574707
1,2,1982,2,4,0.1,1e-08,50,0.6932340525832899,1.2479948510387582,1.961030493842577
1,3,1983,2,4,0.1,1e-08,50,0.7350200984877315,1.3666019896356736,1.503570793677267
1,4,1984,1,4,0.0,1e-08,50,0.8255897299082697,1.3072642423306116,1.6250154607789136
1,5,1985,1,1,0.0,1e-05,31,0.9340639033749736,1.05074851261509,0.5036529941156049
1,6,1986,2,4,0.1,1e-08,23,0.9063965579576374,1.0129436345914915,1.0638846889723246
1,7,1987,1,1,0.0,1e-05,18,0.9458310714448724,0.8765828502258971,1.1614073216685907
1,8,1988,1,4,0.0,1e-08,7,0.9371243066434712,0.7346875281113571,1.344895892243343
1,9,1989,5,1,0.5,1e-05,18,0.9033429014564338,0.877971665657561,1.0819863514451815
1,10,1990,4,1,0.3,1e-05,41,0.8704507743296915,1.2118272772308147,2.5276396961783334
1,11,1991,4,2,0.3,1e-06,50,0.9722992551099616,1.437631581173227,1.292819934516494
1,12,1992,4,1,0.3,1e-05,50,1.0546062920122246,1.3324202808314995,1.8680169354192149
1,13,1993,4,1,0.3,1e-05,12,1.20699382529584,0.9214504561497678,1.4562308747541524
1,14,1994,3,2,0.2,1e-06,50,1.170362639496145,1.3734901330192082,2.6593373579689827
1,15,1995,3,1,0.2,1e-05,47,1.3009243968434865,1.398432125926444,1.6090339279078545
1,16,1996,1,1,0.0,1e-05,36,1.5556476951804998,1.3521264911176605,1.5415679435993694
1,17,1997,1,1,0.0,1e-05,37,1.6550523787649,1.4278384611169304,1.365070839324672
1,18,1998,2,1,0.1,1e-05,42,1.600364706174682,1.588498143576742,1.2888703100277583
1,19,1999,4,1,0.3,1e-05,33,1.4717941144326985,1.458023127233136,0.6492910978282823
1,20,2000,5,1,0.5,1e-05,50,1.0918830946748208,1.6522465190469435,1.1676805686211236
1,21,2001,2,2,0.1,1e-06,50,0.8284575706747808,1.6853997050322391,0.5669115305866237
1,22,2002,5,2,0.5,1e-06,8,0.9258734229984682,1.0932338979822172,0.991133840894434
1,24,2004,4,2,0.3,1e-06,50,0.7303317535098197,1.7828568464653778,1.0274831598806218
1,25,2005,4,2,0.3,1e-06,5,0.6393150638918127,0.8553459779170249,0.7695469902262462
1,26,2006,2,4,0.1,1e-08,50,0.7237770758918121,1.9177099871188616,1.5684440778131812
1,27,2007,4,3,0.3,1e-07,50,0.7355028805454786,1.912363778118697,1.115257721267318
1,28,2008,4,4,0.3,1e-08,46,0.6636703289457451,1.7854007561467888,0.4261523459932509
1,29,2009,1,2,0.0,1e-06,50,0.6441819422130911,1.928145260304821,1.058250881212346
1,30,2010,4,3,0.3,1e-07,50,0.9355925451190036,1.8975456370701704,0.3997480372984994
1,31,2011,2,2,0.1,1e-06,50,0.8635059479639985,1.87708048518964,0.7057811012441729
1,32,2012,1,4,0.0,1e-08,50,0.8654722628872973,1.6738945473814495,0.5189179181623179
1,33,2013,1,4,0.0,1e-08,50,0.7931250754704497,1.6856594464721846,0.7198724212736222
1,34,2014,2,4,0.1,1e-08,50,0.7304447030795764,1.5666240690273416,0.8051266690473152
1,35,2015,1,4,0.0,1e-08,50,0.5797343123465735,1.5431565531905511,1.1337786331250592
1,36,2016,5,2,0.5,1e-06,50,0.5696851166357799,1.5996577767268645,0.5197686444803343
1,37,2017,5,2,0.5,1e-06,50,0.6143743368807681,1.5885729092333898,0.7822653138702264
1,38,2018,5,1,0.5,1e-05,50,0.6491975962070097,1.581752929752201,-0.3802078026310128
1,39,2019,5,1,0.5,1e-05,50,0.5276017901142543,1.4419382363125997,0.5981139961056177
1,40,2020,5,4,0.5,1e-08,50,0.4908371179701787,1.4393327769828483,0.3722715175449752
1,41,2021,5,4,0.5,1e-08,43,0.5593326641508396,1.2781325311427671,1.1719837264462447
1,42,2022,5,1,0.5,1e-05,43,0.6095011248301535,1.2913788013315457,0.1959434389902914
1,43,2023,5,1,0.5,1e-05,46,0.5451895830428412,1.320170140081199,0.397838242441586
1,44,2024,5,1,0.5,1e-05,50,0.4929216143962611,1.2922364987321568,0.8163908574941834
2,1,1981,1,2,0.0,1e-06,50,0.308025575583054,1.1639016137574254,0.4880235803037851
2,2,1982,1,4,0.0,1e-08,50,0.446878963820924,1.341476293692187,0.804880653671192
2,3,1983,1,4,0.0,1e-08,50,0.5253698461801471,1.2210098194745116,0.8277623356797653
2,4,1984,1,4,0.0,1e-08,50,0.6603619350684066,1.2539273285643535,1.2847412507519886
2,5,1985,7,1,0.9,1e-05,50,0.6476886220139721,1.1727375793925636,0.622468267625888
2,6,1986,6,1,0.7,1e-05,50,0.6211147993685604,1.2836510078455752,0.7923804239706124
2,7,1987,1,3,0.0,1e-07,50,0.7112236504993004,1.3692145351372773,1.413721813990456
2,8,1988,1,1,0.0,1e-05,50,0.9690679004096132,1.2913948683645469,0.9522427333338124
2,9,1989,3,3,0.2,1e-07,50,1.1414454905346303,1.3946138784157007,1.2581548267992753
2,10,1990,4,4,0.3,1e-08,50,1.0518638181991224,1.405570582433587,1.5379517608618096
2,11,1991,6,3,0.7,1e-07,50,1.053361020296511,1.4957417599195872,1.6131197397872037
2,12,1992,5,1,0.5,1e-05,50,1.2790548133706303,1.4210490977188968,1.9924298994938376
2,15,1995,3,3,0.2,1e-07,50,1.516524551256873,1.5074754916244295,1.4032794761232623
2,16,1996,1,1,0.0,1e-05,50,1.6672293323367962,1.5420167803074842,3.1709999606323565
2,17,1997,1,4,0.0,1e-08,38,1.747758282977878,1.5145902022091646,1.4021988865327977
2,18,1998,1,1,0.0,1e-05,35,1.5820916207052005,1.5154200653830454,2.212535001808235
2,19,1999,1,1,0.0,1e-05,29,1.5991729082618102,1.430361478342277,0.3382775214845976
2,20,2000,3,3,0.2,1e-07,50,1.3640335563079269,1.8381470571882772,1.8461198902899876
2,21,2001,1,4,0.0,1e-08,50,1.1252760339890906,1.7876004885783496,1.0086798638335688
2,22,2002,1,4,0.0,1e-08,50,1.2605031727134277,1.7901707873715225,1.2047131883130775
2,23,2003,1,3,0.0,1e-07,50,1.1635905355860674,1.8114001245970897,1.0597632601024851
2,24,2004,1,4,0.0,1e-08,50,0.8390199488351978,1.940586502878039,0.910790528237462
2,25,2005,3,1,0.2,1e-05,5,0.8084743616876617,0.6190185283562218,0.3785389763605147
2,26,2006,3,1,0.2,1e-05,5,0.7462421218558277,0.7016016366980751,0.7268331065618446
2,27,2007,1,4,0.0,1e-08,50,0.7338029006858123,1.851613731038849,0.5759111576559456
2,28,2008,1,4,0.0,1e-08,50,0.6803266369720542,1.7724521280246877,0.6377668922225197
2,29,2009,2,4,0.1,1e-08,50,0.7075082492585507,1.7793711987710736,0.6259700293644324
2,30,2010,2,4,0.1,1e-08,43,0.9050376894839708,1.5964758502941854,1.1801543247249875
2,31,2011,2,4,0.1,1e-08,50,0.7252230372967904,1.690978022515632,0.9989343220687354
2,32,2012,1,4,0.0,1e-08,41,0.8101954993241222,1.6952099775223313,0.2007514784497435
2,34,2014,1,3,0.0,1e-07,50,0.8247721983468342,1.7487815442516732,1.067139959082837
2,35,2015,1,3,0.0,1e-07,50,0.7969642869637865,1.8387580569756024,0.7524570921371431
2,37,2017,4,2,0.3,1e-06,50,0.7433336602711951,1.611898501914134,-0.2750262089175465
2,38,2018,1,2,0.0,1e-06,50,0.6655040762409384,1.5160007926336556,-0.1057896960258733
2,39,2019,4,2,0.3,1e-06,25,0.4810046345507485,1.0326890822854011,0.1192153665203873
2,41,2021,1,1,0.0,1e-05,50,0.4852069235417106,1.2344486280276974,1.5503886375146685
2,43,2023,4,1,0.3,1e-05,48,0.5616118802177187,1.2737107774686578,0.2234598854171024
2,44,2024,4,2,0.3,1e-06,50,0.5260566295273827,1.257493811262803,0.98488803487535
3,1,1981,1,2,0.0,1e-06,38,0.964636877591059,1.2221171033630722,1.2020006012637885
3,2,1982,1,4,0.0,1e-08,50,1.1496079010048597,1.4831562074293088,1.240549019751077
3,3,1983,1,4,0.0,1e-08,50,1.099894613940532,1.5884725792934709,1.6779214624561645
3,4,1984,1,3,0.0,1e-07,50,1.0587560060361905,1.6246235085261909,1.0873319085423594
3,5,1985,1,4,0.0,1e-08,50,1.1295450089935115,1.5708733971518083,1.0194763436854908
3,6,1986,7,1,0.9,1e-05,50,1.1098276960247535,1.491089829321241,0.9357738431730412
3,7,1987,1,4,0.0,1e-08,50,1.082715078729276,1.5658174091699928,0.9537208719192226
3,8,1988,1,4,0.0,1e-08,50,0.975460393045744,1.5243379541153854,0.8287036130814059
3,9,1989,5,3,0.5,1e-07,50,0.8900840914483865,1.4929790314829332,2.353074382826592
3,10,1990,6,4,0.7,1e-08,50,0.9721802546476516,1.6379483378580268,1.4071307295175302
3,11,1991,6,4,0.7,1e-08,50,1.081985295292216,1.6074631498740115,0.7869644707074003
3,12,1992,7,4,0.9,1e-08,50,0.9514942629033964,1.624268705277674,1.0853554186386098
3,13,1993,4,2,0.3,1e-06,50,0.7546108607364803,1.6226821237330624,1.3175421593001209
3,14,1994,4,1,0.3,1e-05,50,0.8116440193542043,1.5177038172485238,2.409831039806179
3,15,1995,1,1,0.0,1e-05,50,0.9264417660737926,1.7277577108629767,1.9692557291220985
3,16,1996,1,1,0.0,1e-05,50,1.0456092511016872,1.7805137765263903,2.1275396197957046
3,17,1997,1,1,0.0,1e-05,50,1.1028332185354153,1.7399242692934789,1.4133534499599247
3,18,1998,2,4,0.1,1e-08,50,1.2718625032905335,1.8706383276521923,1.7900863581023934
3,19,1999,1,4,0.0,1e-08,50,1.3663671409444305,1.8722568057251447,1.5897607506707163
3,20,2000,2,4,0.1,1e-08,50,1.0928127412014026,1.977956261410636,1.5036111248339563
3,21,2001,2,4,0.1,1e-08,50,1.1677152235692734,1.9243292132052807,0.1523365941712751
3,22,2002,1,4,0.0,1e-08,50,1.1754536375013345,1.8035978794686915,0.2343415438196039
3,23,2003,2,4,0.1,1e-08,50,0.9673470564741063,1.903868972016629,1.821841231466944
3,24,2004,2,4,0.1,1e-08,50,0.9478022981308692,1.824349255159614,1.5533769377289832
3,25,2005,1,4,0.0,1e-08,50,0.7295006665409236,1.8849001966287768,1.3020082599865967
3,26,2006,2,4,0.1,1e-08,50,0.7422998655179386,1.965109029181654,1.3671041372904558
3,27,2007,1,4,0.0,1e-08,50,0.8680019039525805,1.774759022425769,0.532631651523403
3,28,2008,1,4,0.0,1e-08,50,0.8321101660172535,1.7949203530371167,0.1625648252129153
3,29,2009,3,2,0.2,1e-06,50,0.763276232299909,1.8801287876571529,0.8243819475704665
3,31,2011,3,2,0.2,1e-06,50,0.7124920287417037,1.848614165984975,1.0671078301445058
3,32,2012,1,3,0.0,1e-07,50,0.7314425101321113,1.9902231429168444,0.8927447684333455
3,33,2013,3,2,0.2,1e-06,50,0.7648737444442498,1.8845446157956989,0.7876851206142019
3,34,2014,2,3,0.1,1e-07,50,0.727956831552719,1.8482589908091744,0.8782074535776706
3,35,2015,1,2,0.0,1e-06,50,0.5833546697255025,1.7577846266856356,0.7665908196787883
3,36,2016,2,3,0.1,1e-07,50,0.6497814746263029,1.7884578459081977,0.6260369874183788
3,37,2017,3,4,0.2,1e-08,50,0.5835077291844215,1.7036205433133027,0.4170683352564134
3,38,2018,1,4,0.0,1e-08,50,0.6203273823600715,1.732148358501373,-0.2523192201420895
3,39,2019,3,2,0.2,1e-06,50,0.5895221077678005,1.5680772405791703,0.6003334631864009
3,40,2020,3,4,0.2,1e-08,50,0.515888760670274,1.55537626134336,0.1587803660873363
3,41,2021,4,1,0.3,1e-05,50,0.5955523283620577,1.3162940335465725,0.9203971508651704
3,42,2022,4,1,0.3,1e-05,44,0.6075098487775065,1.2523971764307458,0.3782382413114492
3,43,2023,4,1,0.3,1e-05,47,0.5608680883459274,1.281135749633891,0.4193441729663254
3,44,2024,2,4,0.1,1e-08,50,0.4410246731067695,1.2869553942777388,0.6560156112145775
4,1,1981,1,4,0.0,1e-08,36,0.419059864760666,0.7654943623991816,0.1885086163118955
4,2,1982,1,4,0.0,1e-08,50,0.3849926122476492,1.1558904240839378,1.425174929452825
4,3,1983,1,4,0.0,1e-08,50,0.4498428927430963,1.141904693951507,1.630273871841544
4,4,1984,1,1,0.0,1e-05,49,0.705422706116104,1.0979302507290178,1.3329925583361746
4,5,1985,3,4,0.2,1e-08,50,0.8550223781302012,1.1544654898279818,0.978561974077902
4,6,1986,1,4,0.0,1e-08,49,0.9174439274194996,1.2582817299870956,1.3844714729319167
4,7,1987,1,4,0.0,1e-08,50,1.063668597277831,1.2586545182349511,0.9435403775968833
4,8,1988,1,4,0.0,1e-08,47,1.031581034729911,1.2523803062018124,1.0119450081926034
4,9,1989,1,2,0.0,1e-06,37,0.9289210385888576,1.216177175381254,1.4804449255944283
4,10,1990,3,1,0.2,1e-05,50,0.9119806801048554,1.323342803128694,3.017457731825696
4,11,1991,3,4,0.2,1e-08,50,1.4208273588517906,1.4225689026454649,1.193883751450716
4,12,1992,4,1,0.3,1e-05,47,1.4095727963082465,1.3635025475980993,1.724868382730272
4,13,1993,4,1,0.3,1e-05,50,1.3857985102042705,1.358940846528436,1.250104268087041
4,14,1994,3,4,0.2,1e-08,37,1.348321433794173,1.3901154260107131,1.7040239017657073
4,15,1995,1,4,0.0,1e-08,40,1.3758560142479892,1.4847420074485826,1.0699473245116349
4,16,1996,1,1,0.0,1e-05,50,1.3028363850557738,1.4614214902091551,2.124950495260194
4,17,1997,1,4,0.0,1e-08,50,1.463458930600107,1.6915122899354813,1.845294333265636
4,18,1998,4,3,0.3,1e-07,50,1.435008836300655,1.7193538859352846,1.575765731039282
4,19,1999,1,2,0.0,1e-06,50,1.4198281513299391,1.7159605853343691,1.14620685362342
4,20,2000,1,2,0.0,1e-06,50,1.2817878386567396,1.7641065114024364,0.8874948027611678
4,21,2001,1,4,0.0,1e-08,50,1.0753803753968516,1.807712848113492,0.4025075514554964
4,22,2002,1,4,0.0,1e-08,44,1.0342510566225285,1.7583294858106115,2.2486450014734065
4,23,2003,3,2,0.2,1e-06,50,1.07270146431152,1.8217802793791724,0.9652315455949214
4,24,2004,3,3,0.2,1e-07,50,0.8868110400027945,1.89953565686376,1.0178496928304577
4,25,2005,5,4,0.5,1e-08,6,0.8474384851165555,0.7702742277558342,0.5067773742006634
4,26,2006,6,1,0.7,1e-05,7,0.8720858833254109,0.7786729656213276,0.8159994673356606
4,27,2007,7,1,0.9,1e-05,6,0.8472921378424945,0.7882650149280481,-0.1225257282561749
4,28,2008,7,1,0.9,1e-05,5,0.682630237987394,0.7406915541449772,-0.5830563777734687
4,29,2009,4,4,0.3,1e-08,50,0.6754567496766495,1.738450773075341,0.8234609824885735
4,30,2010,5,4,0.5,1e-08,43,0.7632482872257196,1.6351415849915298,0.4090474792190082
4,31,2011,6,1,0.7,1e-05,40,0.6191207713541987,1.4182097290589868,0.8448757196359695
4,32,2012,6,2,0.7,1e-06,35,0.7028893904045027,1.3579185591142895,0.6201367817529012
4,34,2014,6,2,0.7,1e-06,31,0.5978461918942836,1.225874049149623,0.5473909901097491
4,35,2015,6,1,0.7,1e-05,31,0.513674009154846,1.149810114934792,0.2564037971984121
4,36,2016,6,2,0.7,1e-06,25,0.4612003375523163,1.1134622343989875,0.939247902269923
4,37,2017,6,1,0.7,1e-05,33,0.4599393547360354,1.1401847430527767,0.71065204007562
4,38,2018,5,4,0.5,1e-08,29,0.5907794942264327,1.142187109657553,0.2264345138236277
4,42,2022,6,3,0.7,1e-07,50,0.607566470457588,1.205793563762788,0.09141892829156
4,43,2023,6,1,0.7,1e-05,50,0.5882914188587303,1.160433943879165,0.5209401422874809
4,44,2024,1,2,0.0,1e-06,50,0.5958245233868513,1.1619793108023837,1.078661713439888
5,1,1981,1,4,0.0,1e-08,27,0.5219540408751688,0.8934851571022789,1.0018636674824155
5,2,1982,1,4,0.0,1e-08,50,0.5576472260759785,1.131970445632701,1.188677118458818
5,3,1983,1,4,0.0,1e-08,50,0.6142564876637112,1.1255048473940574,1.204077715640815
5,4,1984,1,3,0.0,1e-07,50,0.6357113785304657,1.182772935072933,2.1071245175587583
5,5,1985,4,3,0.3,1e-07,50,0.8432978132215048,1.128561936831707,0.710183549339239
5,6,1986,1,4,0.0,1e-08,50,0.9559570976790368,1.17177981964991,1.8577125532218612
5,7,1987,1,4,0.0,1e-08,50,0.9989035934476064,1.157398125131899,1.340935489338353
5,8,1988,1,2,0.0,1e-06,50,1.042904442848926,1.1888663210515968,1.6341653085750354
5,9,1989,2,4,0.1,1e-08,50,1.122711997272275,1.2842580436029574,1.5951518828322884
5,10,1990,1,4,0.0,1e-08,50,1.1798356350950874,1.3126895370680989,2.275314978679599
5,11,1991,3,4,0.2,1e-08,50,1.4055484185218936,1.3583209723922678,2.023596531197376
5,12,1992,1,2,0.0,1e-06,50,1.5612421231820142,1.3043720180417049,1.4455936382871144
5,13,1993,1,4,0.0,1e-08,50,1.6023903905396155,1.367447589082283,1.6199911708344112
5,14,1994,1,1,0.0,1e-05,50,1.6261828627440182,1.3829696925783546,2.17830638440201
5,15,1995,1,1,0.0,1e-05,36,1.5576199197915344,1.262900955591141,1.7776414369436289
5,16,1996,1,1,0.0,1e-05,50,1.8624454199876876,1.5056783384749006,1.410242346712759
5,17,1997,1,1,0.0,1e-05,50,1.7845275477068852,1.5923063605810317,1.8781112276925769
5,18,1998,6,1,0.7,1e-05,50,1.7577013078750392,1.549061604801156,1.3627973887000382
5,19,1999,6,1,0.7,1e-05,50,1.7714434992530157,1.669111222076455,1.914047671178688
5,20,2000,5,1,0.5,1e-05,35,1.666990768705551,1.4665805065268116,0.9420295256783046
5,21,2001,6,1,0.7,1e-05,27,1.2701459536181123,1.3620302957132235,0.3352141172141761
5,22,2002,6,1,0.7,1e-05,34,1.0710120669397576,1.4476921463897627,0.6368004385828337
5,24,2004,5,3,0.5,1e-07,50,1.013293883842232,1.6813433518755396,0.5718378705499642
5,25,2005,1,3,0.0,1e-07,36,0.9553739377835768,1.553477038899241,0.9859852057406002
5,26,2006,1,3,0.0,1e-07,33,0.8803031825841754,1.527697266521756,0.5872670388895986
5,27,2007,4,1,0.3,1e-05,50,0.8150525600172105,1.6145162494846328,0.2211565292910107
5,28,2008,7,4,0.9,1e-08,50,0.7364204908027211,1.5679957806885036,-0.0323104356205285
5,29,2009,1,4,0.0,1e-08,50,0.6366833278240422,1.6342790955204287,0.1161156602210175
5,30,2010,6,4,0.7,1e-08,50,0.5232247445981036,1.5033642292188547,0.72521912642885
5,31,2011,7,4,0.9,1e-08,45,0.4584125848308534,1.573237663607789,1.162890694980682
5,33,2013,5,1,0.5,1e-05,30,0.4743688704446737,1.1387017350500124,0.8919300182102747
5,35,2015,5,1,0.5,1e-05,35,0.4481983555139902,1.201763512266666,0.4204406906762175
5,36,2016,4,4,0.3,1e-08,28,0.472030740158448,1.148144674713136,0.0940195523687977
5,38,2018,5,1,0.5,1e-05,46,0.5017885063416747,1.2095548441162305,-0.2317027984790825
5,39,2019,5,1,0.5,1e-05,49,0.3661614784783743,1.1488997166256942,0.2108648705938586
5,40,2020,5,1,0.5,1e-05,50,0.3452857658902718,1.111107945586122,0.6189086627602806
5,41,2021,4,3,0.3,1e-07,50,0.4723938395043331,1.1568753729192165,1.285610059321597
5,42,2022,4,4,0.3,1e-08,50,0.5499085580490137,1.0477889837408063,0.1895101696919562
5,43,2023,3,3,0.2,1e-07,50,0.5000402344910281,1.1520595983893605,0.5252066925358296
5,44,2024,1,3,0.0,1e-07,50,0.4488714579561345,1.2324474516423711,0.5134447953292874
6,1,1981,1,4,0.0,1e-08,38,0.6053886850947644,0.9099238549500992,1.0648941172062587
6,2,1982,1,4,0.0,1e-08,50,0.9760995551574434,1.3254716593854947,1.859362188389153
6,3,1983,1,4,0.0,1e-08,50,0.9099217891081558,1.5043685086087084,1.594505183879056
6,4,1984,1,4,0.0,1e-08,50,1.0708690078945724,1.5023249052596503,1.5814789828812192
6,5,1985,1,2,0.0,1e-06,50,1.1588995845404075,1.4348181774164903,2.5108913199625293
6,6,1986,2,2,0.1,1e-06,30,1.167106714385793,1.1753306475054954,1.2195534230180962
6,7,1987,1,1,0.0,1e-05,8,1.168044070792838,0.8089325234757363,0.5034469514444809
6,8,1988,1,1,0.0,1e-05,50,1.1526797950540346,1.3929189104424085,2.063555822123543
6,9,1989,1,1,0.0,1e-05,32,1.2514016086146462,1.2189507596555935,1.4587413272377925
6,10,1990,1,4,0.0,1e-08,12,1.2241076406365747,0.9335353671570956,1.6117718910367085
6,11,1991,1,4,0.0,1e-08,21,1.23277526655632,1.059311540018727,1.4470493285312438
6,12,1992,3,4,0.2,1e-08,20,1.3506337553799312,1.117285245452631,1.3544331707626482
6,13,1993,1,1,0.0,1e-05,16,1.1650833452025149,1.0107792725276996,1.5618344106841986
6,14,1994,1,1,0.0,1e-05,28,1.3700475352182444,1.261360212839519,3.505984892886241
6,15,1995,4,1,0.3,1e-05,46,1.4736028860809116,1.4893574145797597,0.98643501713959
6,16,1996,4,4,0.3,1e-08,23,1.5218282854803329,1.2714527662886863,1.85649052415628
6,17,1997,1,1,0.0,1e-05,31,1.5911921326511331,1.510582873821298,1.990346067421803
6,18,1998,1,2,0.0,1e-06,29,1.6179107472396546,1.5195830199247264,3.4601770299537438
6,19,1999,5,4,0.5,1e-08,50,1.5594818140986109,1.818309794482916,0.58813020530469
6,20,2000,1,4,0.0,1e-08,50,1.0385385580521946,2.043462556429087,1.2067437615112315
6,21,2001,1,1,0.0,1e-05,5,0.7753842610056405,0.9779378957955792,0.8887347028618393
6,22,2002,5,1,0.5,1e-05,7,0.9278302941865828,0.9643242335759304,0.771495413862171
6,23,2003,4,1,0.3,1e-05,5,0.8696465540800288,0.8240105968548115,0.976656553479499
6,24,2004,4,2,0.3,1e-06,7,0.8259336832608263,0.8640965530588611,1.1162802536643897
6,25,2005,3,1,0.2,1e-05,5,0.8035095886112381,0.8424403728779021,0.4281815316818241
6,26,2006,5,1,0.5,1e-05,5,0.7624500253365041,0.8017376952265997,0.9872508930947242
6,27,2007,1,1,0.0,1e-05,5,0.6485535597782732,0.8535413088360004,-0.0561028709136939
6,28,2008,5,1,0.5,1e-05,5,0.5571578627668592,0.7472874316655371,-0.2566063794960618
6,29,2009,3,4,0.2,1e-08,50,0.5566080843091336,1.7575807247622983,0.796274161170444
6,30,2010,2,2,0.1,1e-06,50,0.8549231751220484,1.7383116810374843,1.0698957762699146
6,31,2011,1,1,0.0,1e-05,50,0.7738852366064373,1.7098898633161197,0.921956657826686
6,32,2012,5,1,0.5,1e-05,50,0.758117608187428,1.7116048940352715,1.086322488881575
6,33,2013,5,2,0.5,1e-06,50,0.7365972306361592,1.6639339338969896,0.9361991617646178
6,34,2014,5,2,0.5,1e-06,50,0.6715949705858413,1.63839781658027,1.4281091141773072
6,35,2015,4,4,0.3,1e-08,50,0.6945982040044665,1.6378727177722603,0.6080220593372266
6,36,2016,4,4,0.3,1e-08,50,0.7352452823998306,1.6308861804644463,0.1180568411807325
6,37,2017,4,4,0.3,1e-08,50,0.6462061645977601,1.4860025457513677,0.147426078841468
6,38,2018,4,3,0.3,1e-07,50,0.6363633081549882,1.36225440651424,0.1130514154076981
6,39,2019,4,3,0.3,1e-07,50,0.5785029622739156,1.3472303404291854,0.1173102496216642
6,41,2021,1,4,0.0,1e-08,50,0.541177258258467,1.3964055142225489,1.6250894183754838
6,42,2022,4,2,0.3,1e-06,50,0.5588699390199025,1.3003414709562349,0.4790252003695174
6,43,2023,4,3,0.3,1e-07,50,0.5370371856874138,1.2799788995772587,0.4161262431061625
6,44,2024,1,1,0.0,1e-05,50,0.5238815807310783,1.2643541193075225,0.6177878377991038
7,1,1981,1,4,0.0,1e-08,40,0.3335712431456752,0.7134779489483141,0.369208903721901
7,2,1982,1,3,0.0,1e-07,50,0.5448328090606459,1.0152969244261414,1.0819635979661668
7,3,1983,1,4,0.0,1e-08,50,0.5417877775622651,1.035627199096423,1.7590039745219797
7,4,1984,1,2,0.0,1e-06,50,0.6784379945325902,1.081104193018272,2.3301897980646054
7,5,1985,1,1,0.0,1e-05,26,0.8190090420364534,0.9218373725878068,2.115240348762392
7,6,1986,1,1,0.0,1e-05,26,0.8989246176281779,0.9442395803521292,1.7300806560427442
7,7,1987,3,2,0.2,1e-06,50,1.0166339518014222,1.1565787545339208,0.8956641948321087
7,8,1988,1,4,0.0,1e-08,50,1.0590259436759657,1.179979686526713,1.7928401253127937
7,9,1989,1,4,0.0,1e-08,50,1.1760401438945705,1.2124576808238836,1.7440545766830238
7,10,1990,1,4,0.0,1e-08,50,1.1974541139245083,1.255323006322728,2.345625786671017
7,11,1991,3,4,0.2,1e-08,50,1.2767507370121796,1.325191766792121,1.5287375638296
7,12,1992,3,1,0.2,1e-05,45,1.5735254878309888,1.284041480229568,1.6623656914368945
7,13,1993,1,1,0.0,1e-05,50,1.7700264118769746,1.3347520886018314,1.5767864195518049
7,14,1994,1,1,0.0,1e-05,50,1.881268957769877,1.4362937611411457,2.627750622619825
7,15,1995,1,1,0.0,1e-05,32,1.869606100835091,1.3642244207826544,1.3627803257379385
7,16,1996,1,1,0.0,1e-05,45,1.8049695785812605,1.492169891016701,1.2111863227895991
7,17,1997,1,1,0.0,1e-05,50,1.6552393748732763,1.667580607774339,1.6838398079145669
7,18,1998,1,1,0.0,1e-05,31,1.5369045903903522,1.4551159073002884,1.8623789355825529
7,19,1999,1,2,0.0,1e-06,24,1.51974288132625,1.4342842837298098,0.1647738777141018
7,20,2000,6,3,0.7,1e-07,9,1.0884164475365217,1.1669218897182256,2.351188407623188
7,21,2001,6,3,0.7,1e-07,8,1.142810321937539,1.1326368793361274,0.9194294912874172
7,22,2002,6,2,0.7,1e-06,7,0.9811988797165344,1.1168966006016248,0.6660236273061716
7,23,2003,6,2,0.7,1e-06,7,0.9340337885424522,1.0339350029029484,0.892082711123088
7,24,2004,6,2,0.7,1e-06,10,0.942630634790804,1.1350394353144015,1.232157862759182
7,25,2005,6,1,0.7,1e-05,7,0.947223072145364,0.946820247231618,0.820998817733849
7,26,2006,6,3,0.7,1e-07,6,0.8902626874585553,1.0586009066037532,0.8291214639820196
7,29,2009,3,4,0.2,1e-08,5,0.616712484990715,0.948456364103845,0.8247851311724377
7,30,2010,6,3,0.7,1e-07,12,0.7358321105433112,1.0953539386216111,0.6597576166726972
7,31,2011,7,1,0.9,1e-05,11,0.6355142391205557,1.0086445358260652,0.5947651946340479
7,32,2012,6,1,0.7,1e-05,45,0.7440292880255805,1.625103199022703,1.2465381964608488
7,33,2013,7,1,0.9,1e-05,32,0.8006069492532742,1.4158577467247415,0.9358758365301668
7,34,2014,6,1,0.7,1e-05,28,0.7801748150035391,1.3942688428147632,1.12451078421924
7,35,2015,4,1,0.3,1e-05,32,0.7477045971240845,1.4208776878521958,0.4185084442246746
7,36,2016,6,1,0.7,1e-05,49,0.7085661383790374,1.4751399863178547,0.2166869251036911
7,37,2017,7,1,0.9,1e-05,50,0.6293945238763508,1.5884578210373443,0.1911459878073836
7,38,2018,7,2,0.9,1e-06,50,0.6338218876906957,1.4282540348614785,-0.130773818062581
7,39,2019,6,2,0.7,1e-06,50,0.5611368948671818,1.3579877307009045,0.2485559966690465
7,40,2020,6,2,0.7,1e-06,50,0.5045769751143754,1.247209692179401,0.6038333747555923
7,41,2021,5,3,0.5,1e-07,50,0.5545273005784537,1.302902103559351,1.397521539359787
7,42,2022,6,3,0.7,1e-07,50,0.5715768158374219,1.193844060799237,0.375802320411064
7,43,2023,7,4,0.9,1e-08,50,0.6194283150663019,1.264388202397689,0.2837063529619213
7,44,2024,7,2,0.9,1e-06,50,0.5534887760786791,1.2239770486094943,1.001554214109606
8,1,1981,1,4,0.0,1e-08,50,0.319125915968682,0.8835705918538328,0.4855337395751479
8,2,1982,1,4,0.0,1e-08,50,0.7432088078027148,1.459506177393145,1.357009306811386
8,3,1983,1,3,0.0,1e-07,50,0.8784708550216639,1.4296537704790055,1.5074018538427514
8,4,1984,1,3,0.0,1e-07,50,0.9068641697309472,1.4227841096472058,4.4407677005361945
8,5,1985,1,3,0.0,1e-07,50,1.0251962481545829,1.3925500581732717,1.697224472931306
8,6,1986,1,2,0.0,1e-06,50,1.2516181258270012,1.5552803510230218,1.8988447846674568
8,7,1987,1,1,0.0,1e-05,49,1.2717960657528409,1.5183289440031127,1.3681469970556432
8,8,1988,1,1,0.0,1e-05,26,1.410073109366271,1.1378771893403237,1.8879325080976963
8,9,1989,1,1,0.0,1e-05,27,1.3658425808819843,1.229015039493897,2.4774716543826534
8,10,1990,2,1,0.1,1e-05,26,1.382206932736969,1.2692992135262222,1.937056267232855
8,11,1991,4,1,0.3,1e-05,27,1.5029520385273092,1.3348688915085969,1.2086993474923229
8,12,1992,4,1,0.3,1e-05,27,1.6679286243428135,1.370148163471793,1.9117409415552828
8,13,1993,5,2,0.5,1e-06,31,1.7330046414902152,1.5717676816541115,1.560744281679538
8,14,1994,5,2,0.5,1e-06,43,1.6843426541392306,1.726413583445882,3.394462653132682
8,15,1995,4,4,0.3,1e-08,50,1.8055955585845669,1.999640996868696,1.333916030516543
8,16,1996,4,4,0.3,1e-08,48,1.8425616944133751,1.9397368086213955,1.2800804022387928
8,17,1997,1,3,0.0,1e-07,50,1.7442447489770645,1.992417680510293,1.3769779895280578
8,18,1998,1,1,0.0,1e-05,50,1.8046224505075024,2.088046742160052,1.9867165457237363
8,19,1999,1,2,0.0,1e-06,50,1.7241736226070925,2.29639121478172,1.0262957971455182
8,20,2000,1,4,0.0,1e-08,50,1.52885352242497,2.3189698426667973,0.7717305883204327
8,21,2001,3,4,0.2,1e-08,50,1.2765485360812558,2.3794141253377648,0.8815646924705408
8,23,2003,3,4,0.2,1e-08,50,0.8549616037226291,2.1383800231943724,0.7889528137420003
8,24,2004,2,3,0.1,1e-07,50,0.8155147956338994,2.1684574168737942,1.1767202396775536
8,25,2005,4,3,0.3,1e-07,50,0.7988864845819672,2.069092794939868,1.7859341532445436
8,26,2006,4,1,0.3,1e-05,50,0.7764833253457069,1.882696592188576,0.9110603845218672
8,27,2007,3,2,0.2,1e-06,50,0.7545068087172364,1.937210782006749,0.712799837288908
8,28,2008,4,3,0.3,1e-07,50,0.7141544672217841,2.008771037924344,0.6740722362726147
8,29,2009,4,3,0.3,1e-07,50,0.7549798715575677,1.8014533768785017,0.3271873425860019
8,30,2010,4,2,0.3,1e-06,50,0.6297532343559735,1.9136272288321616,0.3640768430739285
8,31,2011,5,3,0.5,1e-07,50,0.6663773053932069,1.8343476567828136,0.7979163599253768
8,32,2012,5,2,0.5,1e-06,50,0.6834863777081379,1.8972570982393488,0.6650906007847139
8,33,2013,4,4,0.3,1e-08,50,0.7184083667935992,1.8097370548942704,0.7829386121493822
8,34,2014,4,4,0.3,1e-08,50,0.6729586188834473,1.7475648262772758,1.1618942226486664
8,35,2015,3,4,0.2,1e-08,50,0.683419706247793,1.6960091006537434,0.8485634627716486
8,36,2016,2,4,0.1,1e-08,50,0.6534795659454145,1.6487883826408762,0.486683556996832
8,37,2017,1,2,0.0,1e-06,50,0.6507794301163572,1.629372952780619,0.4506692880675195
8,38,2018,3,4,0.2,1e-08,50,0.6310011532469616,1.5417268049564354,0.0709765187402661
8,39,2019,4,2,0.3,1e-06,50,0.5348381793333695,1.4971863542318966,1.0400833162877543
8,40,2020,3,3,0.2,1e-07,50,0.5961399295799572,1.525115701476591,-0.1157555791543337
8,41,2021,4,1,0.3,1e-05,49,0.5212048058961077,1.310885487640141,1.0463572190034272
8,43,2023,1,4,0.0,1e-08,44,0.6269873827155032,1.4289351664836771,0.6043865539551971
8,44,2024,2,1,0.1,1e-05,50,0.6225227872164375,1.3429076557126265,0.91649808748525
9,1,1981,1,4,0.0,1e-08,50,0.3863738252525442,0.7556754967501439,0.0918928026112891
9,2,1982,1,1,0.0,1e-05,25,0.4499748949450497,0.8072323358452624,1.280518065386243
9,4,1984,1,3,0.0,1e-07,50,0.5953046360778452,1.0325442355297436,1.884248801937882
9,5,1985,3,4,0.2,1e-08,50,0.7794610317285067,1.0686009078977043,0.8468500552250858
9,6,1986,2,4,0.1,1e-08,50,0.8230494633847117,1.1092552016168509,1.414640901408259
9,7,1987,4,4,0.3,1e-08,50,0.8539905529293652,1.1426295765552448,0.8671204333485055
9,8,1988,1,2,0.0,1e-06,50,0.862240993748472,1.1093218497401618,1.1042464364467308
9,9,1989,1,1,0.0,1e-05,47,0.9526425271265916,1.135453709022135,1.5559146659943104
9,10,1990,3,4,0.2,1e-08,50,1.0292628141466464,1.329008648155769,1.8027522497482251
9,11,1991,1,4,0.0,1e-08,50,1.2456665109409273,1.3669157322103265,1.1795059103499113
9,12,1992,2,2,0.1,1e-06,46,1.5233572738031975,1.2793587434380995,1.4073870320285224
9,13,1993,3,1,0.2,1e-05,16,1.3501196285453068,1.0468863750723325,1.1984857775740043
9,14,1994,1,4,0.0,1e-08,50,1.2870898295826452,1.406317755275752,2.2791733100900142
9,15,1995,3,3,0.2,1e-07,50,1.233312083964984,1.46367389039962,1.1916377966733602
9,16,1996,1,3,0.0,1e-07,50,1.2710989206022152,1.5467065502512485,1.6998567360310468
9,18,1998,1,4,0.0,1e-08,50,1.27403099167101,1.6316626237034957,1.230242838174011
9,19,1999,2,1,0.1,1e-05,50,1.1387882944212155,1.616938381577509,1.7356317943543156
9,20,2000,3,1,0.2,1e-05,7,1.1351429384297629,1.0732716799212438,1.0681154478963844
9,21,2001,2,2,0.1,1e-06,12,1.174685293050331,1.241983285462028,0.2178783473042565
9,22,2002,1,4,0.0,1e-08,50,0.9200287369161028,1.7930836513385298,1.0759428343805262
9,24,2004,1,4,0.0,1e-08,50,0.7554684899633956,1.8753861192741712,1.2036767955792127
9,25,2005,1,1,0.0,1e-05,5,0.675506051337241,0.8993533125254928,0.5489327434640171
9,26,2006,1,4,0.0,1e-08,50,0.6875492770664267,1.9120280599141488,0.8454360083570858
9,27,2007,1,3,0.0,1e-07,50,0.6413500213881298,1.9047565576898824,0.4812339545302014
9,28,2008,1,2,0.0,1e-06,50,0.5749585866941912,1.7852070472895003,0.2585104619978061
9,29,2009,1,1,0.0,1e-05,5,0.4932577337575504,0.8445325249170016,0.9081185316012856
9,30,2010,1,2,0.0,1e-06,50,0.5055723892308555,1.6695142339147075,0.9418691495492724
9,31,2011,1,3,0.0,1e-07,50,0.4660055542887896,1.704342462643683,0.6469813428250736
9,32,2012,1,3,0.0,1e-07,50,0.8231356120321995,1.650369430178846,0.5083902283414229
9,33,2013,1,2,0.0,1e-06,50,0.7876299184893385,1.566415343980267,0.639088453358529
9,34,2014,1,2,0.0,1e-06,50,0.7351963866574017,1.512396861798356,0.3097261862257999
9,35,2015,1,1,0.0,1e-05,50,0.6206787370600952,1.362453671491566,0.8971236517948008
9,38,2018,1,1,0.0,1e-05,50,0.5274500709937419,1.266918245571449,-0.2300191971988568
9,39,2019,1,1,0.0,1e-05,50,0.467742933037599,1.235906053348703,0.1978215306302875
9,40,2020,1,1,0.0,1e-05,50,0.3341653871810038,1.2710215228971282,0.6066687493994192
9,43,2023,1,1,0.0,1e-05,50,0.4592313923395518,1.2343858867521735,0.4559203461394493
9,44,2024,1,1,0.0,1e-05,50,0.4119883544071803,1.2253136022183353,0.3158893202250554
