date,ensemble_ret,cum_log_ret,cum_ret
1981-01-31,-0.010745253029053266,-0.01080340017269894,-0.01074525302905327
1981-02-28,0.007462937132272845,-0.003368172976140964,-0.003362507044606722
1981-03-31,0.02493173054479428,0.021257833049520385,0.021485390380596492
1981-04-30,0.030432275416954074,0.051236232118831285,0.052571515115053646
1981-05-31,0.018947605936265273,0.07000656789940206,0.07251522540319133
1981-06-30,0.01289153193473119,0.08281571135661887,0.08634158968196193
1981-07-31,0.007112318685882474,0.08990285679359217,0.09406799726950843
1981-08-31,0.0012418429280299634,0.09114392927247843,0.09542665787470139
1981-09-30,-0.010002613693868297,0.08109095332067547,0.0844695281860155
1981-10-31,0.015215037347915529,0.09619140283145519,0.10096977256004225
1981-11-30,0.024814557685694096,0.12070307972292016,0.12828985049143893
1981-12-31,0.01605069271644282,0.13662632204047348,0.14639968417675808
1982-01-31,0.012397083332728395,0.14894719078158417,0.1606116965941109
1982-02-28,0.03628459148562287,0.1845889991013325,0.20272401787846395
1982-03-31,0.024652243825797664,0.20894227980885727,0.2323738636223469
1982-04-30,0.03335131918688123,0.24174950814509508,0.27347515770558584
1982-05-31,0.01047099906445067,0.2521660660049368,0.2868097148905222
1982-06-30,0.035084575417462134,0.2866492047629399,0.33195688738052187
1982-07-31,0.026537682593246997,0.31284087134997524,0.3673039364857156
1982-08-31,0.023281165343145893,0.335855164489484,0.3991363655053739
1982-09-30,0.08482642522471544,0.41727516193284714,0.5178201017930957
1982-10-31,0.05010481473644321,0.4661651446787566,0.593870196796688
1982-11-30,0.07332857888464028,0.5369297859465695,0.7107464332543709
1982-12-31,0.030615902926000273,0.5670863734847008,0.763122479985888
1983-01-31,0.028252019689594697,0.5949466658120869,0.8129342510056166
1983-02-28,0.06993606352543257,0.6625455587860284,0.9397237359513777
1983-03-31,0.03585554707040006,0.6977732595718596,1.0092735916693547
1983-04-30,0.03829844085903665,0.735356518269415,1.0862256374895276
1983-05-31,-0.00905996010312764,0.726255267141854,1.0673245164477505
1983-06-30,0.03289876616861211,0.7586244526402833,1.1353369423090043
1983-07-31,0.032696111907216614,0.7907974193504144,1.2051541579343534
1983-08-31,0.0338645827177708,0.8241012223704708,1.2798307833211577
1983-09-30,0.04364386905743238,0.8668195320432148,1.3793314195015296
1983-10-31,0.03066782253807469,0.8970264955790257,1.452300333234068
1983-11-30,0.017416059074344046,0.9142926332863236,1.4950097407057061
1983-12-31,0.03507926836616796,0.9487706448643597,1.5825328569761248
1984-01-31,0.015548091486104115,0.9641991032270294,1.6226863141022596
1984-02-29,0.012339630112066685,0.9764632206677901,1.6550492931182608
1984-03-31,0.027371756801121527,1.0034670693673626,1.7277226566644837
1984-04-30,0.03590152775180487,1.0387391582544545,1.8256520673219505
1984-05-31,0.03682589297200781,1.0749031784898189,1.9297092279292811
1984-06-30,0.019122801248127715,1.0938454369985509,1.9857334752097784
1984-07-31,0.030389675228283675,1.1237824931574147,2.0764689458396184
1984-08-31,0.033753974071931175,1.1569793048317203,2.1803119988705904
1984-09-30,0.026080908198633106,1.1827259063645825,2.2632574241561456
1984-10-31,0.027314532775633414,1.2096740540787605,2.352391776023588
1984-11-30,0.0410607102036989,1.2499141611308862,2.4900433632281556
1984-12-31,0.02905845017220944,1.2785584192580204,2.5914586143973715
1985-01-31,-0.027386398463205744,1.2507900228658528,2.493101497719372
1985-02-28,0.04983472962719177,1.2994227742914934,2.6671792664185556
1985-03-31,0.04418703249209462,1.3426613976031563,2.829221035818128
1985-04-30,0.03294116807931903,1.3750716336302446,2.955360049571877
1985-05-31,0.04005855703018938,1.4143486500351887,3.113806065692585
1985-06-30,0.023535460719595766,1.4376114220804483,3.210626386759727
1985-07-31,0.016511153312654896,1.4539877483767143,3.2801486845738275
1985-08-31,0.013449068866485466,1.467347181302151,3.3377126989914583
1985-09-30,0.02314484763020004,1.4902282492849395,3.4381083984732
1985-10-31,0.02407111840190735,1.51401422505497,3.5449386312133475
1985-11-30,0.03326560910183202,1.5467385061512766,3.6961287831111056
1985-12-31,0.021873411814030536,1.5683761270654453,3.7988491419158166
1986-01-31,0.019137299112711566,1.5873326112999142,3.8906861533414396
1986-02-28,0.04161037016965016,1.6281005597225695,4.09418941456556
1986-03-31,0.0346449993666079,1.6621589318223398,4.270677603606564
1986-04-30,0.02318349692301792,1.6850777740879557,4.392870341611997
1986-05-31,0.03094469625731628,1.7155533368085134,4.559751076288269
1986-06-30,0.03826582480011574,1.7531051820223034,4.772499536905771
1986-07-31,0.014035476054311484,1.767043072826146,4.853519315929536
1986-08-31,0.03827436718382482,1.8046031455558222,5.077559063545034
1986-09-30,-0.009511503986753517,1.7950461183220237,5.019752336282395
1986-10-31,0.029178057924766982,1.8238065999756783,5.1953970186431935
1986-11-30,0.02961168061381119,1.8529883220186152,5.378853136435014
1986-12-31,0.02795420937256976,1.880558944647604,5.557168932567792
1987-01-31,0.08128829750872721,1.9587121429455454,6.0901900315733455
1987-02-28,0.016084970122743753,1.9746691206154485,6.204235526395778
1987-03-31,0.03097480396056794,2.00517388690409,6.427385309511647
1987-04-30,0.030159944779096916,2.0348879632832793,6.651394840299594
1987-05-31,0.025100521939926002,2.059678641250378,6.843448844359571
1987-06-30,0.03227159354400237,2.0914404457248246,7.0965694374479185
1987-07-31,0.057830462163372655,2.1476605226186223,7.564797789953371
1987-08-31,0.04602136349631984,2.1926543120454443,7.958961462317291
1987-09-30,0.02099656998174929,2.2134334917529364,8.147068923624632
1987-10-31,-0.029063747329212613,2.1839390276925577,7.8812208236255135
1987-11-30,0.04857790049903495,2.2313738933826652,8.31265188510555
1987-12-31,0.05092979400861702,2.28104918381569,8.786943327287936
1988-01-31,-0.005893175122162677,2.2751385754116864,8.729267156349547
1988-02-29,0.04123071656721932,2.315541970235843,9.13041181287975
1988-03-31,0.016412069739686966,2.331820817619061,9.296672838044481
1988-04-30,0.03587210445117375,2.3670645025336574,9.666036161590377
1988-05-31,0.05126356594910248,2.417057339344335,10.212815209775577
1988-06-30,0.03212860594657258,2.448680616804791,10.573067331202193
1988-07-31,0.031171816548667075,2.479376458341661,10.933820862955798
1988-08-31,0.028704773882386046,2.5076769681801956,11.276378492379845
1988-09-30,0.054801335723422384,2.561029410005003,11.949140431608553
1988-10-31,0.025956905951053277,2.5866551538744478,12.285260051938799
1988-11-30,0.02041026424338824,2.606859920148368,12.556415720141
1988-12-31,0.039494620942644665,2.6455945737925597,13.09182122034888
1989-01-31,0.05992183979569627,2.7037897431561038,13.936229073944217
1989-02-28,0.01871045356005647,2.7223273093842226,14.215692694394615
1989-03-31,0.04470432649846043,2.7660612136157994,14.89589998850507
1989-04-30,0.0466784001512015,2.811682935140559,15.63789516893199
1989-05-31,0.03709212203841735,2.8481036955806425,16.25503000700041
1989-06-30,0.041952853374509304,2.8892003916065128,16.978927750856858
1989-07-31,0.03746635119640386,2.925981931621502,17.652532572105233
1989-08-31,0.01640819129007401,2.942256963173397,17.95858689459267
1989-09-30,0.03537844486982936,2.977023970275303,18.629312215852885
1989-10-31,0.03569495490739705,3.0120966256850537,19.329979630260972
1989-11-30,0.002799992642987768,3.0148927056505848,19.386903423657795
1989-12-31,0.04232168411542519,3.0563433192992364,20.249711510445522
1990-01-31,0.030476731809889728,3.0863648608777865,20.8973332691869
1990-02-28,0.06674430640180246,3.150976166618184,22.35885559028789
1990-03-31,0.04112948007226326,3.1912823289892818,23.31959317579951
1990-04-30,0.0309996749487345,3.2218112187463968,24.073492659134757
1990-05-31,0.040661179703051685,3.2616674796109124,25.093010449930983
1990-06-30,0.04377660604197838,3.304512967287617,26.235273888846837
1990-07-31,0.04704219087494218,3.3504821952838335,27.516480841657298
1990-08-31,0.04230436531124528,3.3919161931906014,28.722852464573897
1990-09-30,0.054477496827053516,3.444961573764031,30.342079065403706
1990-10-31,0.05030472318677895,3.4940419083887813,31.91873367688698
1990-11-30,0.0615654817347019,3.5537865965745135,33.94539137380089
1990-12-31,0.09436156999586652,3.6439577487087558,37.242893367952746
1991-01-31,0.02036453540828005,3.6641176998123557,38.0216921240595
1991-02-28,0.037439414726416036,3.7008732757855736,39.48264143881869
1991-03-31,0.05639151337143839,3.755732143657074,41.76551885482698
1991-04-30,0.05406623835746989,3.808387436543029,44.07768959071293
1991-05-31,0.07081486677794092,3.876807352915287,47.26986017373664
1991-06-30,0.03731191349648457,3.9134400214071525,49.07090102102651
1991-07-31,0.052501714643793954,3.9646099370954686,51.699709178390094
1991-08-31,0.04267801102585741,4.006402351191124,53.948827947764904
1991-09-30,0.013620962370304168,4.01993138210931,54.69728386553372
1991-10-31,0.033043933156229034,4.052441101019342,56.53774119056993
1991-11-30,-0.004374826365442636,4.04805667709905,56.286023563401415
1991-12-31,0.07721612782646803,4.1224367309312,60.70942848154308
1992-01-31,0.03433604841122722,4.156196452680346,62.8282864053145
1992-02-29,0.08589826570485438,4.23860399181587,68.31102551044376
1992-03-31,0.05590395283113573,4.293001219205001,72.18578581125725
1992-04-30,0.06890282277159726,4.3596339423184345,77.22849304041038
1992-05-31,0.04260041816919021,4.401351936753275,80.56105955667745
1992-06-30,0.04285504406385305,4.443314123308771,84.05636235787341
1992-07-31,0.038447348461095064,4.481040786753387,87.32655396027974
1992-08-31,0.042755657236219886,4.5229076661380425,91.10301382626194
1992-09-30,0.0456179245002319,4.567515692108033,95.30456215723218
1992-10-31,0.050242531902176604,4.616536812369032,100.14314719374208
1992-11-30,0.030881796534605845,4.646951361495138,103.2666292862489
1992-12-31,0.046063981857016094,4.691985893390519,108.0695654059829
1993-01-31,0.10043245494061863,4.787689136790334,119.02368961901213
1993-02-28,0.07824014290487011,4.863019351541403,128.4143602467734
1993-03-31,0.05062899361112366,4.912408377891482,134.96647906489497
1993-04-30,0.05052351774063721,4.9616970061314705,141.83598388206215
1993-05-31,0.01158001385903604,4.973210484789747,143.4900265549855
1993-06-30,0.07433344521768967,5.044910903097988,154.23046802841301
1993-07-31,0.04582613809713682,5.089718038956994,161.34408089316625
1993-08-31,0.024908877686226218,5.114321747777226,165.38788974721695
1993-09-30,0.01902516429670385,5.133168196802889,168.5534466866396
1993-10-31,0.013379222202115295,5.146458707595449,170.8219399249947
1993-11-30,0.05073277499208043,5.1959465093040516,179.53894374191222
1993-12-31,0.050963944918889476,5.245654295109838,188.73992052648953
1994-01-31,0.05066852128314722,5.295080943616464,198.35376172794864
1994-02-28,0.05771390679442166,5.351190831028274,209.8592461514328
1994-03-31,0.03655691660567575,5.387095394720834,217.56761002852642
1994-04-30,0.039983253952332654,5.426300005775566,226.30665428605138
1994-05-31,0.0437164230291209,5.469087832888105,236.24368814215455
1994-06-30,0.03197501300475494,5.500562287449661,243.82955815579595
1994-07-31,0.03343839348139417,5.533453776215521,252.01626525728534
1994-08-31,0.0510093540365458,5.583204768200649,264.9224615087988
1994-09-30,0.034691445260427084,5.617308029949899,274.14769602574927
1994-10-31,0.03485289396055483,5.651567315126524,283.7373894988257
1994-11-30,0.025488521982203728,5.67673642098785,290.99492471022177
1994-12-31,0.06749959764635287,5.74205551019634,310.70446464293883
1995-01-31,0.025362996268119078,5.76710220279359,318.61022381643375
1995-02-28,0.03191135896733504,5.798514973690479,328.8094203982702
1995-03-31,0.0465774173841086,5.844040211291654,344.1710914293714
1995-04-30,0.03871773297776616,5.882027214678064,357.53533357897794
1995-05-31,0.018072959333638575,5.899938799524756,364.01512808242336
1995-06-30,0.004464953155656595,5.9043938143488806,365.64490353041737
1995-07-31,0.033912950042220176,5.937744399311087,378.078913827079
1995-08-31,-0.00366221739257461,5.934075459582942,376.6906444357032
1995-09-30,0.0356983738073523,5.96915141605571,390.17358624430864
1995-10-31,0.05911551594186241,6.026585556935668,413.29801461796956
1995-11-30,0.025707729104126976,6.0519683986817405,423.94867574614597
1995-12-31,0.022535227414396074,6.074253459262113,433.52499079353186
1996-01-31,0.04777949079399798,6.120926613474057,454.28637359091346
1996-02-29,0.036040411841910584,6.156332764119985,470.69508200113995
1996-03-31,0.023064674814580095,6.179135469828743,481.574575679133
1996-04-30,0.017637565126567174,6.196619298166365,490.08601618609924
1996-05-31,0.03096363670021502,6.227113232647293,505.29182517984157
1996-06-30,0.09218094504701856,6.315289796835687,551.9622840944993
1996-07-31,0.04702278452587222,6.3612404902121105,577.964110430409
1996-08-31,0.024451041562888052,6.385397390127129,592.1203859579634
1996-09-30,0.04569622391613889,6.430080296684527,619.2237479239253
1996-10-31,0.06124160512936594,6.489519844935638,657.2072457861378
1996-11-30,0.04740694624911769,6.5358373796740885,688.4108413079011
1996-12-31,0.03546544338058205,6.570688409054349,712.861102466266
1997-01-31,0.036214309683178,6.606262394127067,738.7130895017541
1997-02-28,0.05287034426672459,6.657782489846639,777.8219752023143
1997-03-31,0.050473332644632836,6.707023345434322,817.1317158276509
1997-04-30,0.06518945798194159,6.770176023593028,870.4652789402913
1997-05-31,0.022564587284595886,6.792489796581462,890.1295332924342
1997-06-30,0.05028021900934343,6.841546800393023,934.9357213920717
1997-07-31,0.03530540753158934,6.876243263323557,967.9793134591908
1997-08-31,0.010490694650493983,6.886679312484105,978.1445795593364
1997-09-30,-0.0025533134109166286,6.884122733809155,975.6445165731213
1997-10-31,0.055005966904642496,6.937669156554976,1029.365792529343
1997-11-30,0.07000367651158104,7.0053312410150195,1101.495186158166
1997-12-31,0.03809236681771032,7.0427160071732695,1143.4918372040627
1998-01-31,0.04787381711367959,7.089479182305554,1198.2830301064691
1998-02-28,0.029547205877961842,7.118598281948351,1233.7184927029707
1998-03-31,0.028903718061460137,7.147092165969071,1269.4064479013284
1998-04-30,0.03143896807727815,7.178047049621008,1309.3467156620666
1998-05-31,0.030443661663407697,7.20803649859997,1349.2384677354398
1998-06-30,0.04651445573270259,7.253501574817659,1412.044075171512
1998-07-31,0.04789078913559145,7.300280946446307,1479.7158710148478
1998-08-31,0.024898484299845133,7.3248745144244545,1516.5834518818426
1998-09-30,0.06000170726869151,7.383145033177974,1607.6410499174674
1998-10-31,0.02772241902519794,7.4104901433453705,1652.2364711644136
1998-11-30,0.0396562974505845,7.449380318656446,1717.7977084210643
1998-12-31,0.06807194602243223,7.51523542211506,1834.799613252183
1999-01-31,0.06720455021556788,7.58027808198044,1958.1737005467094
1999-02-28,0.04623753701765617,7.625478512681009,2048.7610670497565
1999-03-31,0.015973395014917496,7.6413256754855,2081.502710259941
1999-04-30,0.04004303691308546,7.680587769429782,2164.8924431584805
1999-05-31,0.07103666846373698,7.749214797903827,2318.750226571243
1999-06-30,0.06288933573392075,7.81020578623178,2464.6377773889208
1999-07-31,0.04972757408940558,7.85873646348921,2587.2479626416657
1999-08-31,0.03304898848594157,7.89125107601236,2672.7869397577715
1999-09-30,0.02093268881919934,7.91196768630194,2728.7564897365605
1999-10-31,0.054505176652629946,7.965039316332918,2877.5423494283145
1999-11-30,0.010708867207315962,7.9756912497255685,2908.3682771989775
1999-12-31,-0.06179284470079153,7.911906743233316,2728.5901350686117
2000-01-31,0.08196444316594473,7.990685060978951,2952.3194705607666
2000-02-29,0.07601377282316396,8.063948322658153,3176.8124258701996
2000-03-31,0.08626283001560289,8.14669153147756,3450.939518984512
2000-04-30,0.07082355996285766,8.215119566106203,3695.4181644954697
2000-05-31,0.057836835229056506,8.271345667638839,3909.207292813086
2000-06-30,0.04236686566902216,8.312839627382147,4074.870519925729
2000-07-31,0.02685024106883459,8.339335725951468,4184.30862595109
2000-08-31,0.0743938317774045,8.411092351076068,4495.669771806615
2000-09-30,0.05272338987677595,8.462472862043079,4732.749445332689
2000-10-31,0.04921832326199125,8.510518294932801,4965.736655774344
2000-11-30,0.03314979230788532,8.543130481632222,5130.382944361225
2000-12-31,0.04976565125504836,8.591697431610314,5385.749558426409
2001-01-31,0.07337240846507614,8.662502907238105,5780.98834732634
2001-02-28,0.1482606812091239,8.800751253582005,6638.229878444159
2001-03-31,0.12163322065084621,8.915537109424127,7445.780791200648
2001-04-30,0.029913146344379533,8.945011584172713,7668.537434802348
2001-05-31,0.0791700958727813,9.021203900167942,8275.735448815534
2001-06-30,0.08296040148647427,9.100902303793927,8962.376744646604
2001-07-31,0.06896229536495783,9.16759066427463,9580.511779178318
2001-08-31,0.058415409895615014,9.224363557601398,10140.219717178683
2001-09-30,0.09818480228600718,9.318022194619422,11135.93337004883
2001-10-31,-0.03849289904745441,9.278768865924906,10707.240518137312
2001-11-30,-0.07877988249746314,9.196712593016604,9863.646588363881
2001-12-31,-0.03527450523473157,9.160800913523499,9515.676060643864
2002-01-31,0.15238455487150446,9.302634235085995,10965.87050600138
2002-02-28,0.073386860248228,9.373453174527231,11770.694699185717
2002-03-31,0.048472095330359975,9.420787131637214,12341.29340684454
2002-04-30,0.09674995040258201,9.513138347479225,13535.409681810863
2002-05-31,0.0645310633834487,9.575672733601149,14408.928592972126
2002-06-30,-0.0037392690947323703,9.57192645596306,14355.045992327126
2002-07-31,-0.0159202758567685,9.55587809122196,14126.493779916824
2002-08-31,0.08269823022458907,9.63533437796089,15294.812513024835
2002-09-30,0.007551632582171051,9.642857639706962,15410.320869168972
2002-10-31,0.046613107640929095,9.688416978606034,16128.690427732443
2002-11-30,-0.015726727639318833,9.672565273933952,15875.023179468966
2002-12-31,0.051600352680287676,9.722878423182426,16694.231574689988
2003-01-31,0.111357348081028,9.828460527560583,18553.36828844611
2003-02-28,0.03212299188365564,9.860078365700636,19149.39011038222
2003-03-31,0.03269619111839916,9.892251409114047,19775.53492542318
2003-04-30,-0.028775112437205427,9.863054175688298,19206.462909325808
2003-05-31,0.0331110680590283,9.895628879948204,19842.442520957757
2003-06-30,0.07209939068841595,9.965247653493444,21273.142635879416
2003-07-31,0.027127913242398643,9.992014127066193,21850.26573161197
2003-08-31,0.04823540160097725,10.039122307590043,22904.270309665942
2003-09-30,0.03592255080609022,10.074414690723643,23727.08604609215
2003-10-31,0.022844921560299544,10.097002574374265,24269.152310591162
2003-11-30,0.04085527898694998,10.137045333196701,25260.716154296133
2003-12-31,0.03780586563864422,10.174154073125528,26215.75720102702
2004-01-31,0.051467625378882116,10.22434099982393,27565.07143929859
2004-02-29,0.03542098158490911,10.259149089335404,28541.488748118274
2004-03-31,0.03417657438878893,10.292754619110088,29516.97323805951
2004-04-30,0.041433712613288105,10.333352952728864,30740.012458131998
2004-05-31,0.004873470676928762,10.338214586489904,30889.827880925804
2004-06-30,0.022141283030130646,10.360114310429369,31573.790444072434
2004-07-31,0.02775508773981511,10.387491207580094,32450.151523213943
2004-08-31,0.009429706537916964,10.396876731967955,32756.15635889533
2004-09-30,0.03285027933892976,10.429198973884542,33832.23809563404
2004-10-31,0.028827183234497275,10.457618470309733,34807.55504963326
2004-11-30,0.10626361553898928,10.55860669540585,38506.43796089523
2004-12-31,0.0174365468935285,10.575892970020485,39177.874708650015
2005-01-31,0.04604419270904892,10.620908584014575,40981.83436585878
2005-02-28,0.04695914686311627,10.66679849590877,42906.35330371191
2005-03-31,0.10341718369296887,10.76521039104679,47343.710942101
2005-04-30,-0.023129633835618685,10.741809069699398,46248.645113957
2005-05-31,-0.008477778081874209,10.733295150849685,45856.55088631543
2005-06-30,0.04956257487923938,10.78166863286606,48129.369185896976
2005-07-31,0.0008454782626007464,10.782513753913245,48170.06236681461
2005-08-31,0.01186843007221617,10.794312306516447,48741.777252019514
2005-09-30,0.038259966266594454,10.831858509100083,50606.67426542191
2005-10-31,-0.021796994857706885,10.809820450332872,49503.579049698004
2005-11-30,0.05743501642054069,10.865666630189684,52346.87536030936
2005-12-31,0.028609640269335886,10.893874656728181,53844.52924323184
2006-01-31,0.04160506068978358,10.934637507761687,56084.77575527001
2006-02-28,-0.016631475624912087,10.917866176305038,55151.98654289196
2006-03-31,0.02512033160997337,10.942676178697614,56537.4478541298
2006-04-30,0.058602983635094384,10.999626277607993,59850.769588479
2006-05-31,0.0006558231812725293,11.000281885831221,59890.02176641531
2006-06-30,0.01696609036284495,11.017105659532366,60906.13825362743
2006-07-31,0.01790756292863381,11.034854770913757,61996.83666470727
2006-08-31,0.0004244732399834166,11.03527915409046,62023.153087308296
2006-09-30,0.04458755691173186,11.078901279218526,64788.65854299062
2006-10-31,0.013088037135890247,11.091904408049313,65636.62800002293
2006-11-30,0.0406064695887037,11.131708095075592,68301.9403452805
2006-12-31,0.040804337150132236,11.171701910414248,71088.9965514747
2007-01-31,0.059808898182719686,11.229790517551693,75340.81091703175
2007-02-28,0.03937752883681698,11.268412521549813,78307.58524903518
2007-03-31,-0.008383827325887236,11.259993352271096,77651.05959217275
2007-04-30,0.007976680063321787,11.267938386794842,78270.46522779751
2007-05-31,0.01635736566637769,11.284163411966482,79550.78020577176
2007-06-30,0.04643503024330914,11.329552590041416,83244.76952553586
2007-07-31,0.03752744750244974,11.366393018238242,86368.77077120643
2007-08-31,-0.009684955173475694,11.356660858858737,85532.28341294393
2007-09-30,0.005899662358882568,11.362543186356117,86036.9009055269
2007-10-31,-0.008899732724168257,11.353603614462553,85271.18658331924
2007-11-30,-0.05212330724329334,11.300072758343736,80826.51820272945
2007-12-31,-0.047794231342945075,11.25109863434464,76963.4290988721
2008-01-31,0.03668927623934156,11.28713088150702,79787.19829868384
2008-02-29,0.06165570485040892,11.346960556708076,84706.5959035334
2008-03-31,-0.0030565152493313907,11.343899360775858,84447.68584492005
2008-04-30,-0.005630139400827125,11.338253312398924,83972.2279713965
2008-05-31,0.040765185233204444,11.37820951004909,87395.41216428058
2008-06-30,-0.027479071741289027,11.350345826388372,84993.83988448705
2008-07-31,-0.033251220419300336,11.316529215498948,82167.65772898484
2008-08-31,-0.014784250501881016,11.301634588727701,80952.8557097162
2008-09-30,-0.09119904995928331,11.206005403091215,73569.94097844917
2008-10-31,-0.03399181872302233,11.171422427516557,71069.13088942756
2008-11-30,-0.022727249811465552,11.14843293274059,69453.90227056998
2008-12-31,0.050649384126636325,11.197841366814776,72971.75029515005
2009-01-31,0.10733895703420451,11.29980116792289,80804.56920374889
2009-02-28,0.04985991166991253,11.348457905734195,84833.52774668482
2009-03-31,0.05393250824747136,11.400986319882302,89408.86661405323
2009-04-30,-0.0024755604186320105,11.398507690197494,89187.5270872283
2009-05-31,0.0400592471397843,11.437785370131776,92760.35233584892
2009-06-30,0.08878290856597638,11.52284584486734,100995.97499873891
2009-07-31,-0.05687271125303658,11.46429182217385,95252.00320220547
2009-08-31,0.046638996085919246,11.509875896215856,99694.50764572519
2009-09-30,0.0034105482764444062,11.513280641762444,100034.52398749556
2009-10-31,0.035678984734231534,11.548337877287972,103603.68992072628
2009-11-30,0.056933335632825766,11.603709512776353,109502.25050511783
2009-12-31,0.030712191382706547,11.633959524022279,112865.33529165947
2010-01-31,0.06303981840010084,11.695092081194273,119980.40857193059
2010-02-28,0.012988640511151436,11.707997092687336,121538.80395589297
2010-03-31,0.028919549667203552,11.736506363457726,125053.68035293759
2010-04-30,0.03236917531706838,11.768362694568099,129101.59722550176
2010-05-31,0.021026985115615748,11.789171663485213,131816.23561574973
2010-06-30,0.01060429456400702,11.799720126870959,133214.06441083224
2010-07-31,0.0032174981499244744,11.802932459949817,133642.68363411617
2010-08-31,0.029624637317432978,11.832126765981789,137601.8292915426
2010-09-30,0.02432042596462647,11.85615615963219,140948.38871385073
2010-10-31,0.028043837806748788,11.883813969536828,144901.15050990233
2010-11-30,-0.0027995913680400678,11.881010451983352,144495.48370012437
2010-12-31,-0.00665508736070078,11.874333120784042,143533.846977786
2011-01-31,0.11123611772383753,11.979806136065003,159500.10611367997
2011-02-28,0.040317476781396765,12.019332068770016,165930.78825602535
2011-03-31,0.02978044191710809,12.048677685101785,170872.3102383858
2011-04-30,0.005964458857385855,12.054624426987633,171891.477067128
2011-05-31,0.02883712370830603,12.083053585313236,176848.36169283994
2011-06-30,0.0349901340136995,12.117445479631222,183036.34455870962
2011-07-31,0.02416479352664598,12.141322924478871,187459.4041976364
2011-08-31,0.01548992314187253,12.1566941034171,190363.15145080216
2011-09-30,0.01699347125909291,12.173544800855339,193598.09918724297
2011-10-31,0.001153637372208756,12.174697773299297,193821.44234329133
2011-11-30,0.025454254716866374,12.199833463050012,198755.04816054262
2011-12-31,-0.009053101531659885,12.19073913317647,196955.68947651374
2012-01-31,0.05983928648655743,12.248856413283383,208741.43724354275
2012-02-29,0.03315984326832434,12.281478328399364,215663.3037459867
2012-03-31,0.021737341918884132,12.302982783156427,220351.2724562113
2012-04-30,0.04046203880604132,12.342647665734594,229267.1746553339
2012-05-31,-0.007891404314032801,12.334724959503395,227457.92679278838
2012-06-30,-0.02377434684610133,12.310663442213233,222050.23937397465
2012-07-31,0.022702537188289885,12.33311211191247,227091.36589356815
2012-08-31,-0.0021248430161128727,12.330985008214473,226608.83026588665
2012-09-30,0.0008601196597183145,12.331844758183246,226803.74183598373
2012-10-31,0.04849254191537008,12.379198216418473,237802.08028606986
2012-11-30,0.017899844896691264,12.396939745518836,242058.71853914592
2012-12-31,0.007719905614431954,12.404630005140344,243927.39671932408
2013-01-31,0.08031467215390511,12.481882366943953,263518.4259308643
2013-02-28,0.03339599806445926,12.514732831216401,272318.9201691989
2013-03-31,-0.01028426333622085,12.504395319448792,269518.3103984802
2013-04-30,-0.0012513756741681498,12.503143160150277,269181.04048972897
2013-05-31,0.05185714802386777,12.553700474393546,283140.05340877164
2013-06-30,-0.002045466761179683,12.551652912808148,282560.8977952986
2013-07-31,0.0478861059558917,12.598427815278164,296091.6867722221
2013-08-31,0.022696955776696233,12.62087102745029,302812.0893896944
2013-09-30,0.0050367515849589,12.625895137033961,304337.2836976243
2013-10-31,0.059394724171226244,12.683592867134017,322413.3721125891
2013-11-30,0.014824001990813655,12.698308067539376,327192.84340665303
2013-12-31,0.008514630591752292,12.70678665312615,329978.77811515634
2014-01-31,0.02222035088710987,12.728763729189335,337311.0445705258
2014-02-28,0.02159766646987967,12.750131470731336,344596.1976054332
2014-03-31,0.05486699361141982,12.803546157305336,363503.2098449637
2014-04-30,0.02419058817937001,12.827448787873154,372296.5904867905
2014-05-31,0.020341305907953692,12.847585972833926,379869.6096636764
2014-06-30,-0.01907014673819243,12.828331645520878,372625.42139586346
2014-07-31,0.04843870000308638,12.875633750701489,390674.96083508135
2014-08-31,0.004810938845013495,12.880433153963413,392554.4789908758
2014-09-30,0.039503688728292866,12.919176530833214,408061.8684415173
2014-10-31,0.029098152484788135,12.947859369418737,419935.74401080864
2014-11-30,0.027587754544767015,12.975073439043099,431520.85582890746
2014-12-31,-0.00900586404054296,12.966026777077234,427634.62866478955
2015-01-31,0.0317274557109499,12.997261315954484,441202.41913367587
2015-02-28,-0.013662683715574631,12.983504438835284,435174.39636382234
2015-03-31,0.007098923506512359,12.990578283602408,438263.67321452533
2015-04-30,-8.927537345441609e-05,12.99048900424367,438224.54697215225
2015-05-31,0.03342842187940023,13.023370844006585,452873.7354346683
2015-06-30,0.004325975795260115,13.027687489666835,454832.8605784435
2015-07-31,0.038302349914761696,13.065274513224486,472254.066259401
2015-08-31,0.0030647907405042182,13.068334617067647,473701.429213629
2015-09-30,0.06799210234915881,13.13411496277415,505909.4532637672
2015-10-31,0.01702884392238759,13.151000441210645,514524.5234111002
2015-11-30,0.026041534114265928,13.176708668732717,527923.5573816709
2015-12-31,0.0027759582504326527,13.179480781126692,529389.0539123407
2016-01-31,0.03927208558001911,13.218001331511699,550179.305414797
2016-02-29,0.009836754255325637,13.227790019851247,555591.2938752824
2016-03-31,-0.0016272227110118948,13.226161471775388,554687.2214766253
2016-04-30,-0.03885180263600747,13.186534801491211,533136.5841712974
2016-05-31,0.048732879415852845,13.234117455404775,559117.9137727763
2016-06-30,0.04440041447154056,13.277560410098873,583943.0252831652
2016-07-31,0.06926965352895136,13.344536258722544,624392.6255948313
2016-08-31,0.0008944386011478379,13.345430297551848,624951.1073558739
2016-09-30,-0.028075900373742548,13.316952733176956,607405.01425139
2016-10-31,0.007421688930560219,13.324347016886046,611912.9927437153
2016-11-30,0.006911701846935938,13.331234942415445,616142.359817528
2016-12-31,0.014739707956635336,13.345867076658541,625224.1330006585
2017-01-31,0.046506894712558464,13.391324927894848,654301.4124327655
2017-02-28,0.00986645245220701,13.401143024710636,660757.0560743976
2017-03-31,-0.0020608477853701047,13.399080050456414,659395.3342978713
2017-04-30,0.022979336774550236,13.421799338565554,674547.8247316061
2017-05-31,0.02005248090629589,13.44165341640705,688074.2021599009
2017-06-30,-0.013334834497792747,13.428228874623287,678898.8332170633
2017-07-31,0.01854651651570177,13.446605501856357,691490.0601863307
2017-08-31,-0.012622736135362276,13.433902422167556,682761.5509936367
2017-09-30,-0.005201724301697408,13.428687121798232,679210.0084398442
2017-10-31,0.028165665084712403,13.456463428653628,698340.4382254106
2017-11-30,0.009951262291519906,13.466365503185568,705289.8170462289
2017-12-31,-0.021777225998961168,13.444347653576257,689930.5395284212
2018-01-31,0.04605424782805654,13.489372880042506,721704.8176342557
2018-02-28,-0.03142186201001643,13.457446760043807,699027.4770207261
2018-03-31,0.009252065686954074,13.4666562875471,705494.9344071733
2018-04-30,-0.021133794809797633,13.445295976986026,690585.1280902657
2018-05-31,-0.006974874598234069,13.43829666424836,685768.3764475561
2018-06-30,0.018494091077583426,13.456621819323308,698451.0577537948
2018-07-31,0.024840674728761374,13.481158980542729,715801.0781340909
2018-08-31,0.011526048500182951,13.492619110184984,724051.4476031961
2018-09-30,-0.018765242709680694,13.473675566207163,710464.4276893837
2018-10-31,-0.0187406311553842,13.454757104143187,697149.8571604048
2018-11-30,-0.002246511383008855,13.45250806556786,695583.6998241196
2018-12-31,-0.0447675855618035,13.406707463361647,664444.052259262
2019-01-31,0.07461929227588214,13.478673915496405,714024.4718150597
2019-02-28,0.01982809846438183,13.49830799767238,728182.2391762855
2019-03-31,0.03013883445820849,13.528001581566595,750128.8332770616
2019-04-30,0.027582064784156007,13.55521011416861,770818.9629350377
2019-05-31,-0.012193368504806994,13.542941796669119,761420.0710761091
2019-06-30,0.018694218791359844,13.56146342618234,775654.2431711574
2019-07-31,0.018196258568530858,13.579496114107112,789768.2665359365
2019-08-31,0.008607889779458788,13.588067167242912,796566.5133334819
2019-09-30,-0.0010288367976673193,13.587037800829377,795746.975363938
2019-10-31,0.025016916913173908,13.61174691758909,815654.136347444
2019-11-30,-0.034874412177960404,13.576249874298862,787208.6429273927
2019-12-31,-0.0408832253546567,13.534507429883442,755024.9736942333
2020-01-31,0.062323736583391416,13.594966142957444,802081.0135923715
2020-02-29,-0.010739997807288473,13.584168055074448,793466.6545251239
2020-03-31,-0.04448866576813527,13.538659401797382,758166.3372451294
2020-04-30,0.0184755287071262,13.55696633139633,772173.8796492071
2020-05-31,-0.000345051931195445,13.55662121992102,771907.4392157635
2020-06-30,0.04587365616193972,13.601473790660252,807317.701544847
2020-07-31,-0.004172654595609444,13.597292406248656,803949.0394547244
2020-08-31,0.05904521837737501,13.654660171085121,851418.445098828
2020-09-30,0.016311629449914506,13.670840195111388,865306.4835937319
2020-10-31,0.048050397999734734,13.71777186954837,906884.8525725596
2020-11-30,0.04011499140391289,13.757103145246996,943264.5707528382
2020-12-31,0.017407041723376624,13.774360419922452,959684.0338991575
2021-01-31,0.037349738078005526,13.811029551787993,995528.0185526728
2021-02-28,0.038451951723481426,13.848760648054544,1033808.052313385
2021-03-31,0.08782780622696619,13.932943517627347,1124605.2334356485
2021-04-30,0.06619940510331039,13.99704388507396,1199053.497064563
2021-05-31,0.027691568822226793,14.024358976760256,1232257.1971916268
2021-06-30,0.03116998357272626,14.055053040729566,1270666.664955447
2021-07-31,0.06493211894946956,14.117964099783983,1353173.8089215788
2021-08-31,-0.002466859513508914,14.115494192559328,1349835.71677075
2021-09-30,-0.006913190138059827,14.108556995615942,1340504.0388923795
2021-10-31,0.062452494804235835,14.169136905660336,1424221.9228688576
2021-11-30,0.0631357133941553,14.230359667044246,1514141.2531364919
2021-12-31,0.07689562390841784,14.304442146787999,1630572.1663775197
2022-01-31,0.01911346428610598,14.323375243491322,1661738.0683589592
2022-02-28,0.0020206205147149515,14.325393825298246,1665095.8124105884
2022-03-31,0.059249915824674315,14.382954856355862,1763752.658385849
2022-04-30,-0.005019449327464817,14.377922767278493,1754899.5862714506
2022-05-31,0.009650508217248284,14.387527006780887,1771835.268799717
2022-06-30,-0.0106702627991868,14.376799408506468,1752929.3101744936
2022-07-31,0.007606693058423643,14.384377316555579,1766263.3129967982
2022-08-31,0.005966187365119974,14.3903257766992,1776801.1768244621
2022-09-30,-0.05821132360749121,14.330351412086758,1673371.1703228385
2022-10-31,0.039405090635030844,14.368999933333921,1739310.5523605484
2022-11-30,0.047529699543239934,14.415434658532053,1821979.5078563315
2022-12-31,0.0011910480170880201,14.416624997814154,1824149.5741273868
2023-01-31,0.05441863383332593,14.469614554876044,1923417.3562776763
2023-02-28,0.017928172385120233,14.487383912936604,1957900.7321377273
2023-03-31,-0.0021508474123696237,14.485230749129869,1953689.584263485
2023-04-30,0.016047856873396556,14.501151200398684,1985042.1311346479
2023-05-31,0.01588621894366115,14.516912554055033,2016576.9609284634
2023-06-30,0.055908918127061384,14.571314483845589,2129321.653042849
2023-07-31,-0.021562271265660515,14.549516350159264,2083408.6203858235
2023-08-31,-0.014493056389124376,14.534917243519688,2053213.6472759277
2023-09-30,-0.0329295477696967,14.501433313831566,1985602.217467014
2023-10-31,-0.010588801248615099,14.490788052308902,1964577.0596386453
2023-11-30,0.10253262885986465,14.58839797554758,2166010.4126938074
2023-12-31,0.04491596455394954,14.632334441035972,2263298.9045298127
2024-01-31,0.01626155237766002,14.648465190504538,2300103.674473677
2024-02-29,0.018541151288874978,14.666836550191286,2342750.2632233417
2024-03-31,0.04250652371563906,14.70846448262333,2442332.475353388
2024-04-30,-0.0012061240812742062,14.707257630589014,2439386.718134262
2024-05-31,0.021519830236063173,14.728549178535708,2491881.927708449
2024-06-30,0.055163886667647925,14.78224527621223,2629343.875121604
2024-07-31,0.041032987199608476,14.822458753334947,2737233.749725825
2024-08-31,0.05909561926120683,14.879874107909494,2898992.3323241672
2024-09-30,0.022299269765796513,14.901928384384872,2963637.766690909
2024-10-31,-0.02668682181687094,14.874879004436453,2884547.6669946574
2024-11-30,0.05931327137870698,14.932499845420377,3055639.684885199
2024-12-31,0.0207867749095529,14.953073523331158,3119156.60000638
